avg,fft1,fft2,max,min,normalized_fft1,normalized_paa,paa
-0.5939269723342115,-97.81865512173268,-78.08614651556582,-6.262452305086004,-10.02083839479185,-0.30075439374304536,-0.39765213863318205,-0.5939269723342115
-0.09347721052747211,-0.4018255912332833,-0.7926540787685283,0.05218350914318526,-2.6818628616661226,-0.002538953060054097,0.3916477134162253,-0.09347721052747211
-0.04895498472442011,8.264806731092085,6.083717109727538,0.6139614597813566,-2.0289551159030648,0.023991612445883968,0.4618673216989642,-0.04895498472442011
-0.014700585838902111,14.932718660659312,11.374242399671171,1.04618077629472,-1.5266225852307314,0.04440363266964531,0.5158927085325415,-0.014700585838902111
0.017253978105661413,21.152948034474285,16.309562655701345,1.449380956036918,-1.0580165814748212,0.0634451930735462,0.5662908394112356,0.017253978105661413
0.05150837699117941,27.820859964041514,21.60008794564498,1.8816002725502814,-0.555684050802488,0.08385721329730754,0.620316226244813,0.05150837699117941
0.09603060279423141,36.48749228636688,28.476459134141045,2.4433782231884527,0.09722369496057004,0.1103877788032456,0.6905358345275519,0.09603060279423141
