avg,fft1,fft2,max,min,normalized_fft1,normalized_paa,paa
-2.1208187499999998,86.59876781291747,67.52675346979066,5.60425,-42.136375,0.125,0.125,-2.1208187499999998
-1.6332774999999997,172.01553562583493,134.38982959576865,11.1315,-36.124750000000006,0.25,0.25,-1.6332774999999997
-1.14573625,257.43230343875246,201.25290572174663,16.65875,-30.113125000000004,0.375,0.375,-1.14573625
-0.6581949999999999,342.8490712516699,268.1159818477246,22.186000000000003,-24.1015,0.5,0.5,-0.6581949999999999
-0.17065375000000005,428.26583906458734,334.97905797370254,27.713250000000006,-18.089875,0.625,0.625,-0.17065375000000005
0.3168875,513.6826068775049,401.84213409968055,33.2405,-12.078250000000004,0.75,0.75,0.3168875
0.80442875,599.0993746904223,468.70521022565856,38.76775,-6.066625000000002,0.875,0.875,0.80442875
