avg,fft1,fft2,max,min,normalized_fft1,normalized_paa,paa
-0.10962560011759546,9.321229965883889,-0.0981388755171167,-0.1090191130262257,-0.11224731028637035,-0.6308002535622185,-1.000018205615876,-0.10962560011759546
-0.1027728303381504,10.015941208574787,-0.0021318307701755426,-0.10192461263602429,-0.10385546636981194,0.5358938493598037,0.4377717394954622,-0.1027728303381504
-0.10216317760818347,10.077745795519416,0.0064093808580911755,-0.10129345448102377,-0.10310889079265886,0.6396881205486924,0.565683896676836,-0.10216317760818347
-0.10169412451352662,10.125296854254014,0.0129807969273259,-0.10080785559616852,-0.10253449233982515,0.7195450976698159,0.6640966326837924,-0.10169412451352662
-0.10125656356969863,10.169655342401615,0.019111009157658482,-0.10035485974388762,-0.10199865890856052,0.7940404899365106,0.7559019531100474,-0.10125656356969863
-0.10078751047504178,10.217206401136213,0.025682425226893207,-0.09986926085903237,-0.1014242604557268,0.8738974670576342,0.8543146891170037,-0.10078751047504178
-0.10017785774507484,10.279010988080842,0.034223636855159924,-0.09923810270403186,-0.10067768487857373,0.9776917382465228,0.9822268462983775,-0.10017785774507484
