avg,fft1,fft2,max,min,normalized_fft1,normalized_paa,paa
-0.12541517538783625,2.1463078343120543,0.08404660819504815,-0.12410050426679622,-0.12572551472463026,0.125,0.125,-0.12541517538783625
-0.12173579502446137,3.6839003687133483,0.16803843725955114,-0.11922609538341403,-0.1221723411206017,0.25,0.25,-0.12173579502446137
-0.1180564146610865,5.221492903114642,0.2520302663240542,-0.11435168650003182,-0.11861916751657314,0.375,0.375,-0.1180564146610865
-0.11437703429771162,6.759085437515937,0.33602209538855715,-0.10947727761664962,-0.1150659939125446,0.5,0.5,-0.11437703429771162
-0.11069765393433675,8.296677971917232,0.42001392445306013,-0.10460286873326742,-0.11151282030851606,0.625,0.625,-0.11069765393433675
-0.10701827357096189,9.834270506318525,0.5040057535175632,-0.09972845984988521,-0.1079596467044875,0.75,0.75,-0.10701827357096189
-0.10333889320758702,11.37186304071982,0.5879975825820661,-0.09485405096650301,-0.10440647310045895,0.875,0.875,-0.10333889320758702
