avg,fft1,fft2,max,min,normalized_fft1,normalized_paa,paa
-0.4700682842639591,393.61825819308496,325.35737677780475,25.81097402597403,-30.479656250000012,0.33021112523138213,0.8394206960003308,-0.4700682842639591
-0.21744140161195122,203.76729445836526,155.26830765895298,14.188587301587301,-14.046623306233066,0.5902001032785005,0.30729669520211156,-0.21744140161195122
-0.08737953679141225,8.884628915783587,7.028009526862231,0.68987265648788,-7.5780680786686805,0.013851791756009639,0.3972820676411767,-0.08737953679141225
-0.028162106836288333,16.424419759728902,12.385395700515364,1.152436847541405,-4.566495382429554,0.035739455186093186,0.4525506937154402,-0.028162106836288333
0.020063666783443367,26.419527036033532,19.752842425930176,1.7727492463143937,-2.8563586377822667,0.061851005473261694,0.5012546725975433,0.020063666783443367
0.07464223601350624,40.357498912476,30.513674394629817,2.7467093539226175,-1.8273732883574938,0.09559305159351365,0.5424576513048971,0.07464223601350624
0.18794534545454605,63.23184477140788,48.05713972124596,4.390505381855464,-1.1679183552399826,0.13867635748360108,0.6045817866955604,0.18794534545454605
0.4155310784313719,107.09925381467,80.92964332704554,7.475280788177345,-0.6842595182764027,0.2013762464473983,0.7738711526652282,0.4155310784313719
